Jour;Journal;N° Pièce;Compte;Libellé;Description;Débit;Crédit
2026-06-01;VT J.C;331;411004;CLIENTS PASSAGERS ESPECES;FAC N°331 ;0;3253.292
2026-06-01;VT J.C;331;411005;CLIENTS PASSAGERS TPE;FAC N°331 ;0;1301.317
2026-06-01;VT J.C;331;707200;VENTES MARCHANDISES J.C 0%;FAC N°331 ;3127.906;0
2026-06-01;VT J.C;331;707219;VENTES MARCHANDISES J.C 19%;FAC N°331 ;659.924;0
2026-06-01;VT J.C;331;436711;TVA COLLECTEE 19% J.C;FAC N°331 ;0;125.386
2026-06-01;VT J.C;331;437500;TIMBRE FISCAL;FAC N°331 ;0;1
2026-06-01;VT J.C;331;634500;ECARTS DE REGLEMENT;FAC N°331 ;659.928;0
2026-06-02;VT J.C;333;411004;CLIENTS PASSAGERS ESPECES;FAC N°333 ;0;176.428
2026-06-02;VT J.C;333;411005;CLIENTS PASSAGERS TPE;FAC N°333 ;0;70.571
2026-06-02;VT J.C;333;707200;VENTES MARCHANDISES J.C 0%;FAC N°333 ;171;0
2026-06-02;VT J.C;333;707219;VENTES MARCHANDISES J.C 19%;FAC N°333 ;28.571;0
2026-06-02;VT J.C;333;436711;TVA COLLECTEE 19% J.C;FAC N°333 ;0;5.428
2026-06-02;VT J.C;333;437500;TIMBRE FISCAL;FAC N°333 ;0;1
2026-06-02;VT J.C;333;634500;ECARTS DE REGLEMENT;FAC N°333 ;28.572;0
2026-06-02;VT J.C;334;411004;CLIENTS PASSAGERS ESPECES;FAC N°334 ;0;3411.37
2026-06-02;VT J.C;334;411005;CLIENTS PASSAGERS TPE;FAC N°334 ;0;1364.548
2026-06-02;VT J.C;334;707200;VENTES MARCHANDISES J.C 0%;FAC N°334 ;3257.868;0
2026-06-02;VT J.C;334;707219;VENTES MARCHANDISES J.C 19%;FAC N°334 ;807.903;0
2026-06-02;VT J.C;334;436711;TVA COLLECTEE 19% J.C;FAC N°334 ;0;153.502
2026-06-02;VT J.C;334;437500;TIMBRE FISCAL;FAC N°334 ;0;1
2026-06-02;VT J.C;334;634500;ECARTS DE REGLEMENT;FAC N°334 ;807.9;0
2026-06-03;VT J.C;336;411004;CLIENTS PASSAGERS ESPECES;FAC N°336 ;0;2524.063
2026-06-03;VT J.C;336;411005;CLIENTS PASSAGERS TPE;FAC N°336 ;0;1009.625
2026-06-03;VT J.C;336;707200;VENTES MARCHANDISES J.C 0%;FAC N°336 ;2391.302;0
2026-06-03;VT J.C;336;707219;VENTES MARCHANDISES J.C 19%;FAC N°336 ;698.74;0
2026-06-03;VT J.C;336;436711;TVA COLLECTEE 19% J.C;FAC N°336 ;0;132.761
2026-06-03;VT J.C;336;437500;TIMBRE FISCAL;FAC N°336 ;0;1
2026-06-03;VT J.C;336;634500;ECARTS DE REGLEMENT;FAC N°336 ;698.737;0
2026-06-04;VT J.C;338;411004;CLIENTS PASSAGERS ESPECES;FAC N°338 ;0;3126.11
2026-06-04;VT J.C;338;411005;CLIENTS PASSAGERS TPE;FAC N°338 ;0;1250.444
2026-06-04;VT J.C;338;707200;VENTES MARCHANDISES J.C 0%;FAC N°338 ;2895.188;0
2026-06-04;VT J.C;338;707219;VENTES MARCHANDISES J.C 19%;FAC N°338 ;1215.378;0
2026-06-04;VT J.C;338;436711;TVA COLLECTEE 19% J.C;FAC N°338 ;0;230.922
2026-06-04;VT J.C;338;437500;TIMBRE FISCAL;FAC N°338 ;0;1
2026-06-04;VT J.C;338;634500;ECARTS DE REGLEMENT;FAC N°338 ;1215.38;0
2026-06-05;VT J.C;340;411004;CLIENTS PASSAGERS ESPECES;FAC N°340 ;0;3720.375
2026-06-05;VT J.C;340;411005;CLIENTS PASSAGERS TPE;FAC N°340 ;0;1488.15
2026-06-05;VT J.C;340;707200;VENTES MARCHANDISES J.C 0%;FAC N°340 ;3524.578;0
2026-06-05;VT J.C;340;707219;VENTES MARCHANDISES J.C 19%;FAC N°340 ;1030.509;0
2026-06-05;VT J.C;340;436711;TVA COLLECTEE 19% J.C;FAC N°340 ;0;195.797
2026-06-05;VT J.C;340;437500;TIMBRE FISCAL;FAC N°340 ;0;1
2026-06-05;VT J.C;340;634500;ECARTS DE REGLEMENT;FAC N°340 ;1030.505;0
2026-06-06;VT J.C;342;411004;CLIENTS PASSAGERS ESPECES;FAC N°342 ;0;3832.996
2026-06-06;VT J.C;342;411005;CLIENTS PASSAGERS TPE;FAC N°342 ;0;1533.198
2026-06-06;VT J.C;342;707200;VENTES MARCHANDISES J.C 0%;FAC N°342 ;3708.984;0
2026-06-06;VT J.C;342;707219;VENTES MARCHANDISES J.C 19%;FAC N°342 ;652.697;0
2026-06-06;VT J.C;342;436711;TVA COLLECTEE 19% J.C;FAC N°342 ;0;124.012
2026-06-06;VT J.C;342;437500;TIMBRE FISCAL;FAC N°342 ;0;1
2026-06-06;VT J.C;342;634500;ECARTS DE REGLEMENT;FAC N°342 ;652.694;0
2026-06-07;VT J.C;344;411004;CLIENTS PASSAGERS ESPECES;FAC N°344 ;0;3140.583
2026-06-07;VT J.C;344;411005;CLIENTS PASSAGERS TPE;FAC N°344 ;0;1256.233
2026-06-07;VT J.C;344;707200;VENTES MARCHANDISES J.C 0%;FAC N°344 ;2898.148;0
2026-06-07;VT J.C;344;707219;VENTES MARCHANDISES J.C 19%;FAC N°344 ;1275.973;0
2026-06-07;VT J.C;344;436711;TVA COLLECTEE 19% J.C;FAC N°344 ;0;242.435
2026-06-07;VT J.C;344;437500;TIMBRE FISCAL;FAC N°344 ;0;1
2026-06-07;VT J.C;344;634500;ECARTS DE REGLEMENT;FAC N°344 ;1275.977;0
2026-06-08;VT J.C;347;411004;CLIENTS PASSAGERS ESPECES;FAC N°347 ;0;2970.1369999999997
2026-06-08;VT J.C;347;411005;CLIENTS PASSAGERS TPE;FAC N°347 ;0;1188.055
2026-06-08;VT J.C;347;707200;VENTES MARCHANDISES J.C 0%;FAC N°347 ;2879.048;0
2026-06-08;VT J.C;347;707219;VENTES MARCHANDISES J.C 19%;FAC N°347 ;479.414;0
2026-06-08;VT J.C;347;436711;TVA COLLECTEE 19% J.C;FAC N°347 ;0;91.089
2026-06-08;VT J.C;347;437500;TIMBRE FISCAL;FAC N°347 ;0;1
2026-06-08;VT J.C;347;634500;ECARTS DE REGLEMENT;FAC N°347 ;479.413;0
2026-06-09;VT J.C;349;411004;CLIENTS PASSAGERS ESPECES;FAC N°349 ;0;2770.036
2026-06-09;VT J.C;349;411005;CLIENTS PASSAGERS TPE;FAC N°349 ;0;1108.014
2026-06-09;VT J.C;349;707200;VENTES MARCHANDISES J.C 0%;FAC N°349 ;2646.136;0
2026-06-09;VT J.C;349;707219;VENTES MARCHANDISES J.C 19%;FAC N°349 ;652.104;0
2026-06-09;VT J.C;349;436711;TVA COLLECTEE 19% J.C;FAC N°349 ;0;123.9
2026-06-09;VT J.C;349;437500;TIMBRE FISCAL;FAC N°349 ;0;1
2026-06-09;VT J.C;349;634500;ECARTS DE REGLEMENT;FAC N°349 ;652.104;0
2026-06-10;VT J.C;351;411004;CLIENTS PASSAGERS ESPECES;FAC N°351 ;0;3660.4629999999997
2026-06-10;VT J.C;351;411005;CLIENTS PASSAGERS TPE;FAC N°351 ;0;1464.185
2026-06-10;VT J.C;351;707200;VENTES MARCHANDISES J.C 0%;FAC N°351 ;3536.484;0
2026-06-10;VT J.C;351;707219;VENTES MARCHANDISES J.C 19%;FAC N°351 ;652.523;0
2026-06-10;VT J.C;351;436711;TVA COLLECTEE 19% J.C;FAC N°351 ;0;123.979
2026-06-10;VT J.C;351;437500;TIMBRE FISCAL;FAC N°351 ;0;1
2026-06-10;VT J.C;351;634500;ECARTS DE REGLEMENT;FAC N°351 ;652.527;0
2026-06-11;VT J.C;353;411004;CLIENTS PASSAGERS ESPECES;FAC N°353 ;0;2702.0550000000003
2026-06-11;VT J.C;353;411005;CLIENTS PASSAGERS TPE;FAC N°353 ;0;1080.822
2026-06-11;VT J.C;353;707200;VENTES MARCHANDISES J.C 0%;FAC N°353 ;2583.887;0
2026-06-11;VT J.C;353;707219;VENTES MARCHANDISES J.C 19%;FAC N°353 ;621.937;0
2026-06-11;VT J.C;353;436711;TVA COLLECTEE 19% J.C;FAC N°353 ;0;118.168
2026-06-11;VT J.C;353;437500;TIMBRE FISCAL;FAC N°353 ;0;1
2026-06-11;VT J.C;353;634500;ECARTS DE REGLEMENT;FAC N°353 ;621.935;0
2026-06-12;VT J.C;356;411004;CLIENTS PASSAGERS ESPECES;FAC N°356 ;0;4121.378000000001
2026-06-12;VT J.C;356;411005;CLIENTS PASSAGERS TPE;FAC N°356 ;0;1648.551
2026-06-12;VT J.C;356;707200;VENTES MARCHANDISES J.C 0%;FAC N°356 ;3969.01;0
2026-06-12;VT J.C;356;707219;VENTES MARCHANDISES J.C 19%;FAC N°356 ;801.939;0
2026-06-12;VT J.C;356;436711;TVA COLLECTEE 19% J.C;FAC N°356 ;0;152.368
2026-06-12;VT J.C;356;437500;TIMBRE FISCAL;FAC N°356 ;0;1
2026-06-12;VT J.C;356;634500;ECARTS DE REGLEMENT;FAC N°356 ;801.942;0
2026-06-13;VT J.C;358;411004;CLIENTS PASSAGERS ESPECES;FAC N°358 ;0;3999.125
2026-06-13;VT J.C;358;411005;CLIENTS PASSAGERS TPE;FAC N°358 ;0;1599.65
2026-06-13;VT J.C;358;707200;VENTES MARCHANDISES J.C 0%;FAC N°358 ;3811.04;0
2026-06-13;VT J.C;358;707219;VENTES MARCHANDISES J.C 19%;FAC N°358 ;989.921;0
2026-06-13;VT J.C;358;436711;TVA COLLECTEE 19% J.C;FAC N°358 ;0;188.085
2026-06-13;VT J.C;358;437500;TIMBRE FISCAL;FAC N°358 ;0;1
2026-06-13;VT J.C;358;634500;ECARTS DE REGLEMENT;FAC N°358 ;989.925;0
2026-06-14;VT J.C;360;411004;CLIENTS PASSAGERS ESPECES;FAC N°360 ;0;323.072
2026-06-14;VT J.C;360;411005;CLIENTS PASSAGERS TPE;FAC N°360 ;0;129.229
2026-06-14;VT J.C;360;707200;VENTES MARCHANDISES J.C 0%;FAC N°360 ;319;0
2026-06-14;VT J.C;360;707219;VENTES MARCHANDISES J.C 19%;FAC N°360 ;21.429;0
2026-06-14;VT J.C;360;436711;TVA COLLECTEE 19% J.C;FAC N°360 ;0;4.072
2026-06-14;VT J.C;360;437500;TIMBRE FISCAL;FAC N°360 ;0;1
2026-06-14;VT J.C;360;634500;ECARTS DE REGLEMENT;FAC N°360 ;21.428;0
2026-06-14;VT J.C;361;411004;CLIENTS PASSAGERS ESPECES;FAC N°361 ;0;2969.241
2026-06-14;VT J.C;361;411005;CLIENTS PASSAGERS TPE;FAC N°361 ;0;1187.696
2026-06-14;VT J.C;361;707200;VENTES MARCHANDISES J.C 0%;FAC N°361 ;2814.414;0
2026-06-14;VT J.C;361;707219;VENTES MARCHANDISES J.C 19%;FAC N°361 ;814.878;0
2026-06-14;VT J.C;361;436711;TVA COLLECTEE 19% J.C;FAC N°361 ;0;154.827
2026-06-14;VT J.C;361;437500;TIMBRE FISCAL;FAC N°361 ;0;1
2026-06-14;VT J.C;361;634500;ECARTS DE REGLEMENT;FAC N°361 ;814.879;0
2026-06-15;VT J.C;363;411004;CLIENTS PASSAGERS ESPECES;FAC N°363 ;0;2690.7070000000003
2026-06-15;VT J.C;363;411005;CLIENTS PASSAGERS TPE;FAC N°363 ;0;1076.283
2026-06-15;VT J.C;363;707200;VENTES MARCHANDISES J.C 0%;FAC N°363 ;2452.36;0
2026-06-15;VT J.C;363;707219;VENTES MARCHANDISES J.C 19%;FAC N°363 ;1254.458;0
2026-06-15;VT J.C;363;436711;TVA COLLECTEE 19% J.C;FAC N°363 ;0;238.347
2026-06-15;VT J.C;363;437500;TIMBRE FISCAL;FAC N°363 ;0;1
2026-06-15;VT J.C;363;634500;ECARTS DE REGLEMENT;FAC N°363 ;1254.463;0
2026-06-16;VT J.C;364;411004;CLIENTS PASSAGERS ESPECES;FAC N°364 ;0;3610.641
2026-06-16;VT J.C;364;411005;CLIENTS PASSAGERS TPE;FAC N°364 ;0;1444.256
2026-06-16;VT J.C;364;707200;VENTES MARCHANDISES J.C 0%;FAC N°364 ;3485.033;0
2026-06-16;VT J.C;364;707219;VENTES MARCHANDISES J.C 19%;FAC N°364 ;661.094;0
2026-06-16;VT J.C;364;436711;TVA COLLECTEE 19% J.C;FAC N°364 ;0;125.608
2026-06-16;VT J.C;364;437500;TIMBRE FISCAL;FAC N°364 ;0;1
2026-06-16;VT J.C;364;634500;ECARTS DE REGLEMENT;FAC N°364 ;661.099;0
2026-06-17;VT J.C;365;411004;CLIENTS PASSAGERS ESPECES;FAC N°365 ;0;5010.052
2026-06-17;VT J.C;365;411005;CLIENTS PASSAGERS TPE;FAC N°365 ;0;2004.021
2026-06-17;VT J.C;365;707200;VENTES MARCHANDISES J.C 0%;FAC N°365 ;4812.914;0
2026-06-17;VT J.C;365;707219;VENTES MARCHANDISES J.C 19%;FAC N°365 ;1037.571;0
2026-06-17;VT J.C;365;436711;TVA COLLECTEE 19% J.C;FAC N°365 ;0;197.138
2026-06-17;VT J.C;365;437500;TIMBRE FISCAL;FAC N°365 ;0;1
2026-06-17;VT J.C;365;634500;ECARTS DE REGLEMENT;FAC N°365 ;1037.568;0
2026-06-18;VT J.C;366;411004;CLIENTS PASSAGERS ESPECES;FAC N°366 ;0;717
2026-06-18;VT J.C;366;411005;CLIENTS PASSAGERS TPE;FAC N°366 ;0;286.8
2026-06-18;VT J.C;366;707200;VENTES MARCHANDISES J.C 0%;FAC N°366 ;717;0
2026-06-18;VT J.C;366;437500;TIMBRE FISCAL;FAC N°366 ;0;1
2026-06-18;VT J.C;367;411004;CLIENTS PASSAGERS ESPECES;FAC N°367 ;0;3286.9379999999996
2026-06-18;VT J.C;367;411005;CLIENTS PASSAGERS TPE;FAC N°367 ;0;1314.775
2026-06-18;VT J.C;367;707200;VENTES MARCHANDISES J.C 0%;FAC N°367 ;3110.988;0
2026-06-18;VT J.C;367;707219;VENTES MARCHANDISES J.C 19%;FAC N°367 ;926.051;0
2026-06-18;VT J.C;367;436711;TVA COLLECTEE 19% J.C;FAC N°367 ;0;175.95
2026-06-18;VT J.C;367;437500;TIMBRE FISCAL;FAC N°367 ;0;1
2026-06-18;VT J.C;367;634500;ECARTS DE REGLEMENT;FAC N°367 ;926.052;0
2026-06-19;VT J.C;368;411004;CLIENTS PASSAGERS ESPECES;FAC N°368 ;0;3698.338
2026-06-19;VT J.C;368;411005;CLIENTS PASSAGERS TPE;FAC N°368 ;0;1479.335
2026-06-19;VT J.C;368;707200;VENTES MARCHANDISES J.C 0%;FAC N°368 ;3512.074;0
2026-06-19;VT J.C;368;707219;VENTES MARCHANDISES J.C 19%;FAC N°368 ;980.335;0
2026-06-19;VT J.C;368;436711;TVA COLLECTEE 19% J.C;FAC N°368 ;0;186.264
2026-06-19;VT J.C;368;437500;TIMBRE FISCAL;FAC N°368 ;0;1
2026-06-19;VT J.C;368;634500;ECARTS DE REGLEMENT;FAC N°368 ;980.332;0
2026-06-20;VT J.C;369;411004;CLIENTS PASSAGERS ESPECES;FAC N°369 ;0;3164.835
2026-06-20;VT J.C;369;411005;CLIENTS PASSAGERS TPE;FAC N°369 ;0;1265.934
2026-06-20;VT J.C;369;707200;VENTES MARCHANDISES J.C 0%;FAC N°369 ;2989.332;0
2026-06-20;VT J.C;369;707219;VENTES MARCHANDISES J.C 19%;FAC N°369 ;923.702;0
2026-06-20;VT J.C;369;436711;TVA COLLECTEE 19% J.C;FAC N°369 ;0;175.503
2026-06-20;VT J.C;369;437500;TIMBRE FISCAL;FAC N°369 ;0;1
2026-06-20;VT J.C;369;634500;ECARTS DE REGLEMENT;FAC N°369 ;923.705;0
2026-06-21;VT J.C;371;411004;CLIENTS PASSAGERS ESPECES;FAC N°371 ;0;3570.6369999999997
2026-06-21;VT J.C;371;411005;CLIENTS PASSAGERS TPE;FAC N°371 ;0;1428.255
2026-06-21;VT J.C;371;707200;VENTES MARCHANDISES J.C 0%;FAC N°371 ;3453.156;0
2026-06-21;VT J.C;371;707219;VENTES MARCHANDISES J.C 19%;FAC N°371 ;618.322;0
2026-06-21;VT J.C;371;436711;TVA COLLECTEE 19% J.C;FAC N°371 ;0;117.481
2026-06-21;VT J.C;371;437500;TIMBRE FISCAL;FAC N°371 ;0;1
2026-06-21;VT J.C;371;634500;ECARTS DE REGLEMENT;FAC N°371 ;618.323;0
2026-06-22;VT J.C;373;411004;CLIENTS PASSAGERS ESPECES;FAC N°373 ;0;3455.103
2026-06-22;VT J.C;373;411005;CLIENTS PASSAGERS TPE;FAC N°373 ;0;1382.041
2026-06-22;VT J.C;373;707200;VENTES MARCHANDISES J.C 0%;FAC N°373 ;3291.031;0
2026-06-22;VT J.C;373;707219;VENTES MARCHANDISES J.C 19%;FAC N°373 ;863.538;0
2026-06-22;VT J.C;373;436711;TVA COLLECTEE 19% J.C;FAC N°373 ;0;164.072
2026-06-22;VT J.C;373;437500;TIMBRE FISCAL;FAC N°373 ;0;1
2026-06-22;VT J.C;373;634500;ECARTS DE REGLEMENT;FAC N°373 ;863.537;0
2026-06-23;VT J.C;375;411004;CLIENTS PASSAGERS ESPECES;FAC N°375 ;0;2269.7290000000003
2026-06-23;VT J.C;375;411005;CLIENTS PASSAGERS TPE;FAC N°375 ;0;907.892
2026-06-23;VT J.C;375;707200;VENTES MARCHANDISES J.C 0%;FAC N°375 ;2200.69;0
2026-06-23;VT J.C;375;707219;VENTES MARCHANDISES J.C 19%;FAC N°375 ;363.362;0
2026-06-23;VT J.C;375;436711;TVA COLLECTEE 19% J.C;FAC N°375 ;0;69.039
2026-06-23;VT J.C;375;437500;TIMBRE FISCAL;FAC N°375 ;0;1
2026-06-23;VT J.C;375;634500;ECARTS DE REGLEMENT;FAC N°375 ;363.361;0
2026-06-24;VT J.C;377;411004;CLIENTS PASSAGERS ESPECES;FAC N°377 ;0;3003.8740000000003
2026-06-24;VT J.C;377;411005;CLIENTS PASSAGERS TPE;FAC N°377 ;0;1201.55
2026-06-24;VT J.C;377;707200;VENTES MARCHANDISES J.C 0%;FAC N°377 ;2838.909;0
2026-06-24;VT J.C;377;707219;VENTES MARCHANDISES J.C 19%;FAC N°377 ;868.238;0
2026-06-24;VT J.C;377;436711;TVA COLLECTEE 19% J.C;FAC N°377 ;0;164.965
2026-06-24;VT J.C;377;437500;TIMBRE FISCAL;FAC N°377 ;0;1
2026-06-24;VT J.C;377;634500;ECARTS DE REGLEMENT;FAC N°377 ;868.236;0
2026-06-25;VT J.C;379;411004;CLIENTS PASSAGERS ESPECES;FAC N°379 ;0;2783.798
2026-06-25;VT J.C;379;411005;CLIENTS PASSAGERS TPE;FAC N°379 ;0;1113.519
2026-06-25;VT J.C;379;707200;VENTES MARCHANDISES J.C 0%;FAC N°379 ;2635.39;0
2026-06-25;VT J.C;379;707219;VENTES MARCHANDISES J.C 19%;FAC N°379 ;781.093;0
2026-06-25;VT J.C;379;436711;TVA COLLECTEE 19% J.C;FAC N°379 ;0;148.408
2026-06-25;VT J.C;379;437500;TIMBRE FISCAL;FAC N°379 ;0;1
2026-06-25;VT J.C;379;634500;ECARTS DE REGLEMENT;FAC N°379 ;781.092;0
2026-06-26;VT J.C;381;411004;CLIENTS PASSAGERS ESPECES;FAC N°381 ;0;2572.2079999999996
2026-06-26;VT J.C;381;411005;CLIENTS PASSAGERS TPE;FAC N°381 ;0;1028.883
2026-06-26;VT J.C;381;707200;VENTES MARCHANDISES J.C 0%;FAC N°381 ;2447.91;0
2026-06-26;VT J.C;381;707219;VENTES MARCHANDISES J.C 19%;FAC N°381 ;654.201;0
2026-06-26;VT J.C;381;436711;TVA COLLECTEE 19% J.C;FAC N°381 ;0;124.298
2026-06-26;VT J.C;381;437500;TIMBRE FISCAL;FAC N°381 ;0;1
2026-06-26;VT J.C;381;634500;ECARTS DE REGLEMENT;FAC N°381 ;654.202;0
2026-06-27;VT J.C;383;411004;CLIENTS PASSAGERS ESPECES;FAC N°383 ;0;3417.431
2026-06-27;VT J.C;383;411005;CLIENTS PASSAGERS TPE;FAC N°383 ;0;1366.972
2026-06-27;VT J.C;383;707200;VENTES MARCHANDISES J.C 0%;FAC N°383 ;3231.183;0
2026-06-27;VT J.C;383;707219;VENTES MARCHANDISES J.C 19%;FAC N°383 ;980.254;0
2026-06-27;VT J.C;383;436711;TVA COLLECTEE 19% J.C;FAC N°383 ;0;186.248
2026-06-27;VT J.C;383;437500;TIMBRE FISCAL;FAC N°383 ;0;1
2026-06-27;VT J.C;383;634500;ECARTS DE REGLEMENT;FAC N°383 ;980.259;0
2026-06-28;VT J.C;385;411004;CLIENTS PASSAGERS ESPECES;FAC N°385 ;0;88.731
2026-06-28;VT J.C;385;411005;CLIENTS PASSAGERS TPE;FAC N°385 ;0;35.492
2026-06-28;VT J.C;385;707200;VENTES MARCHANDISES J.C 0%;FAC N°385 ;75;0
2026-06-28;VT J.C;385;707219;VENTES MARCHANDISES J.C 19%;FAC N°385 ;72.268;0
2026-06-28;VT J.C;385;436711;TVA COLLECTEE 19% J.C;FAC N°385 ;0;13.731
2026-06-28;VT J.C;385;437500;TIMBRE FISCAL;FAC N°385 ;0;1
2026-06-28;VT J.C;385;634500;ECARTS DE REGLEMENT;FAC N°385 ;72.269;0
2026-06-28;VT J.C;386;411004;CLIENTS PASSAGERS ESPECES;FAC N°386 ;0;3379.4069999999997
2026-06-28;VT J.C;386;411005;CLIENTS PASSAGERS TPE;FAC N°386 ;0;1351.763
2026-06-28;VT J.C;386;707200;VENTES MARCHANDISES J.C 0%;FAC N°386 ;3219.566;0
2026-06-28;VT J.C;386;707219;VENTES MARCHANDISES J.C 19%;FAC N°386 ;841.266;0
2026-06-28;VT J.C;386;436711;TVA COLLECTEE 19% J.C;FAC N°386 ;0;159.841
2026-06-28;VT J.C;386;437500;TIMBRE FISCAL;FAC N°386 ;0;1
2026-06-28;VT J.C;386;634500;ECARTS DE REGLEMENT;FAC N°386 ;841.263;0
2026-06-29;VT J.C;388;411004;CLIENTS PASSAGERS ESPECES;FAC N°388 ;0;3987.354
2026-06-29;VT J.C;388;411005;CLIENTS PASSAGERS TPE;FAC N°388 ;0;1594.942
2026-06-29;VT J.C;388;707200;VENTES MARCHANDISES J.C 0%;FAC N°388 ;3856.605;0
2026-06-29;VT J.C;388;707219;VENTES MARCHANDISES J.C 19%;FAC N°388 ;688.152;0
2026-06-29;VT J.C;388;436711;TVA COLLECTEE 19% J.C;FAC N°388 ;0;130.749
2026-06-29;VT J.C;388;437500;TIMBRE FISCAL;FAC N°388 ;0;1
2026-06-29;VT J.C;388;634500;ECARTS DE REGLEMENT;FAC N°388 ;688.156;0
2026-06-30;VT J.C;390;411004;CLIENTS PASSAGERS ESPECES;FAC N°390 ;0;2806.6609999999996
2026-06-30;VT J.C;390;411005;CLIENTS PASSAGERS TPE;FAC N°390 ;0;1122.664
2026-06-30;VT J.C;390;707200;VENTES MARCHANDISES J.C 0%;FAC N°390 ;2678.115;0
2026-06-30;VT J.C;390;707219;VENTES MARCHANDISES J.C 19%;FAC N°390 ;676.558;0
2026-06-30;VT J.C;390;436711;TVA COLLECTEE 19% J.C;FAC N°390 ;0;128.546
2026-06-30;VT J.C;390;437500;TIMBRE FISCAL;FAC N°390 ;0;1
2026-06-30;VT J.C;390;634500;ECARTS DE REGLEMENT;FAC N°390 ;676.559;0
2026-06-01;VT C;332;411004;CLIENTS PASSAGERS ESPECES;FAC N°332 ;0;1723.442
2026-06-01;VT C;332;411005;CLIENTS PASSAGERS TPE;FAC N°332 ;0;689.377
2026-06-01;VT C;332;707100;VENTES MARCHANDISES C 0%;FAC N°332 ;1643.45;0
2026-06-01;VT C;332;707119;VENTES MARCHANDISES C 19%;FAC N°332 ;421.009;0
2026-06-01;VT C;332;436710;TVA COLLECTEE 19% C;FAC N°332 ;0;79.992
2026-06-01;VT C;332;437500;TIMBRE FISCAL;FAC N°332 ;0;1
2026-06-01;VT C;332;634500;ECARTS DE REGLEMENT;FAC N°332 ;421.008;0
2026-06-02;VT C;335;411004;CLIENTS PASSAGERS ESPECES;FAC N°335 ;0;1209.31
2026-06-02;VT C;335;411005;CLIENTS PASSAGERS TPE;FAC N°335 ;0;483.724
2026-06-02;VT C;335;707100;VENTES MARCHANDISES C 0%;FAC N°335 ;1144.933;0
2026-06-02;VT C;335;707119;VENTES MARCHANDISES C 19%;FAC N°335 ;338.824;0
2026-06-02;VT C;335;436710;TVA COLLECTEE 19% C;FAC N°335 ;0;64.377
2026-06-02;VT C;335;437500;TIMBRE FISCAL;FAC N°335 ;0;1
2026-06-02;VT C;335;634500;ECARTS DE REGLEMENT;FAC N°335 ;338.82;0
2026-06-03;VT C;337;411004;CLIENTS PASSAGERS ESPECES;FAC N°337 ;0;660.2330000000001
2026-06-03;VT C;337;411005;CLIENTS PASSAGERS TPE;FAC N°337 ;0;264.093
2026-06-03;VT C;337;707100;VENTES MARCHANDISES C 0%;FAC N°337 ;602.099;0
2026-06-03;VT C;337;707119;VENTES MARCHANDISES C 19%;FAC N°337 ;305.967;0
2026-06-03;VT C;337;436710;TVA COLLECTEE 19% C;FAC N°337 ;0;58.134
2026-06-03;VT C;337;437500;TIMBRE FISCAL;FAC N°337 ;0;1
2026-06-03;VT C;337;634500;ECARTS DE REGLEMENT;FAC N°337 ;305.967;0
2026-06-04;VT C;339;411004;CLIENTS PASSAGERS ESPECES;FAC N°339 ;0;1558.287
2026-06-04;VT C;339;411005;CLIENTS PASSAGERS TPE;FAC N°339 ;0;623.315
2026-06-04;VT C;339;707100;VENTES MARCHANDISES C 0%;FAC N°339 ;1525.971;0
2026-06-04;VT C;339;707119;VENTES MARCHANDISES C 19%;FAC N°339 ;170.084;0
2026-06-04;VT C;339;436710;TVA COLLECTEE 19% C;FAC N°339 ;0;32.316
2026-06-04;VT C;339;437500;TIMBRE FISCAL;FAC N°339 ;0;1
2026-06-04;VT C;339;634500;ECARTS DE REGLEMENT;FAC N°339 ;170.083;0
2026-06-05;VT C;341;411004;CLIENTS PASSAGERS ESPECES;FAC N°341 ;0;877.822
2026-06-05;VT C;341;411005;CLIENTS PASSAGERS TPE;FAC N°341 ;0;351.129
2026-06-05;VT C;341;707100;VENTES MARCHANDISES C 0%;FAC N°341 ;838.353;0
2026-06-05;VT C;341;707119;VENTES MARCHANDISES C 19%;FAC N°341 ;207.732;0
2026-06-05;VT C;341;436710;TVA COLLECTEE 19% C;FAC N°341 ;0;39.469
2026-06-05;VT C;341;437500;TIMBRE FISCAL;FAC N°341 ;0;1
2026-06-05;VT C;341;634500;ECARTS DE REGLEMENT;FAC N°341 ;207.728;0
2026-06-06;VT C;343;411004;CLIENTS PASSAGERS ESPECES;FAC N°343 ;0;1431.358
2026-06-06;VT C;343;411005;CLIENTS PASSAGERS TPE;FAC N°343 ;0;572.543
2026-06-06;VT C;343;707100;VENTES MARCHANDISES C 0%;FAC N°343 ;1388.281;0
2026-06-06;VT C;343;707119;VENTES MARCHANDISES C 19%;FAC N°343 ;226.722;0
2026-06-06;VT C;343;436710;TVA COLLECTEE 19% C;FAC N°343 ;0;43.077
2026-06-06;VT C;343;437500;TIMBRE FISCAL;FAC N°343 ;0;1
2026-06-06;VT C;343;634500;ECARTS DE REGLEMENT;FAC N°343 ;226.722;0
2026-06-07;VT C;345;411004;CLIENTS PASSAGERS ESPECES;FAC N°345 ;0;1326.886
2026-06-07;VT C;345;411005;CLIENTS PASSAGERS TPE;FAC N°345 ;0;530.754
2026-06-07;VT C;345;707100;VENTES MARCHANDISES C 0%;FAC N°345 ;1257.799;0
2026-06-07;VT C;345;707119;VENTES MARCHANDISES C 19%;FAC N°345 ;363.615;0
2026-06-07;VT C;345;436710;TVA COLLECTEE 19% C;FAC N°345 ;0;69.087
2026-06-07;VT C;345;437500;TIMBRE FISCAL;FAC N°345 ;0;1
2026-06-07;VT C;345;634500;ECARTS DE REGLEMENT;FAC N°345 ;363.614;0
2026-06-08;VT C;346;411004;CLIENTS PASSAGERS ESPECES;FAC N°346 ;0;681.9010000000001
2026-06-08;VT C;346;411005;CLIENTS PASSAGERS TPE;FAC N°346 ;0;272.76
2026-06-08;VT C;346;707100;VENTES MARCHANDISES C 0%;FAC N°346 ;631.24;0
2026-06-08;VT C;346;707119;VENTES MARCHANDISES C 19%;FAC N°346 ;266.639;0
2026-06-08;VT C;346;436710;TVA COLLECTEE 19% C;FAC N°346 ;0;50.661
2026-06-08;VT C;346;437500;TIMBRE FISCAL;FAC N°346 ;0;1
2026-06-08;VT C;346;634500;ECARTS DE REGLEMENT;FAC N°346 ;266.639;0
2026-06-09;VT C;348;411004;CLIENTS PASSAGERS ESPECES;FAC N°348 ;0;953.511
2026-06-09;VT C;348;411005;CLIENTS PASSAGERS TPE;FAC N°348 ;0;381.404
2026-06-09;VT C;348;707100;VENTES MARCHANDISES C 0%;FAC N°348 ;915.112;0
2026-06-09;VT C;348;707119;VENTES MARCHANDISES C 19%;FAC N°348 ;202.102;0
2026-06-09;VT C;348;436710;TVA COLLECTEE 19% C;FAC N°348 ;0;38.399
2026-06-09;VT C;348;437500;TIMBRE FISCAL;FAC N°348 ;0;1
2026-06-09;VT C;348;634500;ECARTS DE REGLEMENT;FAC N°348 ;202.099;0
2026-06-10;VT C;350;411004;CLIENTS PASSAGERS ESPECES;FAC N°350 ;0;1111.882
2026-06-10;VT C;350;411005;CLIENTS PASSAGERS TPE;FAC N°350 ;0;444.753
2026-06-10;VT C;350;707100;VENTES MARCHANDISES C 0%;FAC N°350 ;1090.088;0
2026-06-10;VT C;350;707119;VENTES MARCHANDISES C 19%;FAC N°350 ;114.705;0
2026-06-10;VT C;350;436710;TVA COLLECTEE 19% C;FAC N°350 ;0;21.794
2026-06-10;VT C;350;437500;TIMBRE FISCAL;FAC N°350 ;0;1
2026-06-10;VT C;350;634500;ECARTS DE REGLEMENT;FAC N°350 ;114.708;0
2026-06-11;VT C;352;411004;CLIENTS PASSAGERS ESPECES;FAC N°352 ;0;1465.293
2026-06-11;VT C;352;411005;CLIENTS PASSAGERS TPE;FAC N°352 ;0;586.117
2026-06-11;VT C;352;707100;VENTES MARCHANDISES C 0%;FAC N°352 ;1414.6;0
2026-06-11;VT C;352;707119;VENTES MARCHANDISES C 19%;FAC N°352 ;266.806;0
2026-06-11;VT C;352;436710;TVA COLLECTEE 19% C;FAC N°352 ;0;50.693
2026-06-11;VT C;352;437500;TIMBRE FISCAL;FAC N°352 ;0;1
2026-06-11;VT C;352;634500;ECARTS DE REGLEMENT;FAC N°352 ;266.807;0
2026-06-12;VT C;354;411004;CLIENTS PASSAGERS ESPECES;FAC N°354 ;0;171
2026-06-12;VT C;354;411005;CLIENTS PASSAGERS TPE;FAC N°354 ;0;68.4
2026-06-12;VT C;354;707100;VENTES MARCHANDISES C 0%;FAC N°354 ;171;0
2026-06-12;VT C;354;437500;TIMBRE FISCAL;FAC N°354 ;0;1
2026-06-12;VT C;355;411004;CLIENTS PASSAGERS ESPECES;FAC N°355 ;0;735.104
2026-06-12;VT C;355;411005;CLIENTS PASSAGERS TPE;FAC N°355 ;0;294.042
2026-06-12;VT C;355;707100;VENTES MARCHANDISES C 0%;FAC N°355 ;698.7;0
2026-06-12;VT C;355;707119;VENTES MARCHANDISES C 19%;FAC N°355 ;191.6;0
2026-06-12;VT C;355;436710;TVA COLLECTEE 19% C;FAC N°355 ;0;36.404
2026-06-12;VT C;355;437500;TIMBRE FISCAL;FAC N°355 ;0;1
2026-06-12;VT C;355;634500;ECARTS DE REGLEMENT;FAC N°355 ;191.596;0
2026-06-13;VT C;357;411004;CLIENTS PASSAGERS ESPECES;FAC N°357 ;0;1138.101
2026-06-13;VT C;357;411005;CLIENTS PASSAGERS TPE;FAC N°357 ;0;455.24
2026-06-13;VT C;357;707100;VENTES MARCHANDISES C 0%;FAC N°357 ;1068.2;0
2026-06-13;VT C;357;707119;VENTES MARCHANDISES C 19%;FAC N°357 ;367.901;0
2026-06-13;VT C;357;436710;TVA COLLECTEE 19% C;FAC N°357 ;0;69.901
2026-06-13;VT C;357;437500;TIMBRE FISCAL;FAC N°357 ;0;1
2026-06-13;VT C;357;634500;ECARTS DE REGLEMENT;FAC N°357 ;367.899;0
2026-06-14;VT C;359;411004;CLIENTS PASSAGERS ESPECES;FAC N°359 ;0;1111.957
2026-06-14;VT C;359;411005;CLIENTS PASSAGERS TPE;FAC N°359 ;0;444.783
2026-06-14;VT C;359;707100;VENTES MARCHANDISES C 0%;FAC N°359 ;1082.451;0
2026-06-14;VT C;359;707119;VENTES MARCHANDISES C 19%;FAC N°359 ;155.295;0
2026-06-14;VT C;359;436710;TVA COLLECTEE 19% C;FAC N°359 ;0;29.506
2026-06-14;VT C;359;437500;TIMBRE FISCAL;FAC N°359 ;0;1
2026-06-14;VT C;359;634500;ECARTS DE REGLEMENT;FAC N°359 ;155.293;0
2026-06-15;VT C;362;411004;CLIENTS PASSAGERS ESPECES;FAC N°362 ;0;504.037
2026-06-15;VT C;362;411005;CLIENTS PASSAGERS TPE;FAC N°362 ;0;201.615
2026-06-15;VT C;362;707100;VENTES MARCHANDISES C 0%;FAC N°362 ;490.45;0
2026-06-15;VT C;362;707119;VENTES MARCHANDISES C 19%;FAC N°362 ;71.513;0
2026-06-15;VT C;362;436710;TVA COLLECTEE 19% C;FAC N°362 ;0;13.587
2026-06-15;VT C;362;437500;TIMBRE FISCAL;FAC N°362 ;0;1
2026-06-15;VT C;362;634500;ECARTS DE REGLEMENT;FAC N°362 ;71.513;0
2026-06-21;VT C;370;411004;CLIENTS PASSAGERS ESPECES;FAC N°370 ;0;544.161
2026-06-21;VT C;370;411005;CLIENTS PASSAGERS TPE;FAC N°370 ;0;217.664
2026-06-21;VT C;370;707100;VENTES MARCHANDISES C 0%;FAC N°370 ;525.4;0
2026-06-21;VT C;370;707119;VENTES MARCHANDISES C 19%;FAC N°370 ;98.741;0
2026-06-21;VT C;370;436710;TVA COLLECTEE 19% C;FAC N°370 ;0;18.761
2026-06-21;VT C;370;437500;TIMBRE FISCAL;FAC N°370 ;0;1
2026-06-21;VT C;370;634500;ECARTS DE REGLEMENT;FAC N°370 ;98.739;0
2026-06-22;VT C;372;411004;CLIENTS PASSAGERS ESPECES;FAC N°372 ;0;1427.3980000000001
2026-06-22;VT C;372;411005;CLIENTS PASSAGERS TPE;FAC N°372 ;0;570.959
2026-06-22;VT C;372;707100;VENTES MARCHANDISES C 0%;FAC N°372 ;1404.582;0
2026-06-22;VT C;372;707119;VENTES MARCHANDISES C 19%;FAC N°372 ;120.084;0
2026-06-22;VT C;372;436710;TVA COLLECTEE 19% C;FAC N°372 ;0;22.816
2026-06-22;VT C;372;437500;TIMBRE FISCAL;FAC N°372 ;0;1
2026-06-22;VT C;372;634500;ECARTS DE REGLEMENT;FAC N°372 ;120.082;0
2026-06-23;VT C;374;411004;CLIENTS PASSAGERS ESPECES;FAC N°374 ;0;1081.863
2026-06-23;VT C;374;411005;CLIENTS PASSAGERS TPE;FAC N°374 ;0;432.745
2026-06-23;VT C;374;707100;VENTES MARCHANDISES C 0%;FAC N°374 ;1048.046;0
2026-06-23;VT C;374;707119;VENTES MARCHANDISES C 19%;FAC N°374 ;177.983;0
2026-06-23;VT C;374;436710;TVA COLLECTEE 19% C;FAC N°374 ;0;33.817
2026-06-23;VT C;374;437500;TIMBRE FISCAL;FAC N°374 ;0;1
2026-06-23;VT C;374;634500;ECARTS DE REGLEMENT;FAC N°374 ;177.987;0
2026-06-24;VT C;376;411004;CLIENTS PASSAGERS ESPECES;FAC N°376 ;0;1217.067
2026-06-24;VT C;376;411005;CLIENTS PASSAGERS TPE;FAC N°376 ;0;486.827
2026-06-24;VT C;376;707100;VENTES MARCHANDISES C 0%;FAC N°376 ;1188.311;0
2026-06-24;VT C;376;707119;VENTES MARCHANDISES C 19%;FAC N°376 ;151.346;0
2026-06-24;VT C;376;436710;TVA COLLECTEE 19% C;FAC N°376 ;0;28.756
2026-06-24;VT C;376;437500;TIMBRE FISCAL;FAC N°376 ;0;1
2026-06-24;VT C;376;634500;ECARTS DE REGLEMENT;FAC N°376 ;151.343;0
2026-06-25;VT C;378;411004;CLIENTS PASSAGERS ESPECES;FAC N°378 ;0;839.294
2026-06-25;VT C;378;411005;CLIENTS PASSAGERS TPE;FAC N°378 ;0;335.718
2026-06-25;VT C;378;707100;VENTES MARCHANDISES C 0%;FAC N°378 ;805.876;0
2026-06-25;VT C;378;707119;VENTES MARCHANDISES C 19%;FAC N°378 ;175.883;0
2026-06-25;VT C;378;436710;TVA COLLECTEE 19% C;FAC N°378 ;0;33.418
2026-06-25;VT C;378;437500;TIMBRE FISCAL;FAC N°378 ;0;1
2026-06-25;VT C;378;634500;ECARTS DE REGLEMENT;FAC N°378 ;175.886;0
2026-06-26;VT C;380;411004;CLIENTS PASSAGERS ESPECES;FAC N°380 ;0;774.8199999999999
2026-06-26;VT C;380;411005;CLIENTS PASSAGERS TPE;FAC N°380 ;0;309.928
2026-06-26;VT C;380;707100;VENTES MARCHANDISES C 0%;FAC N°380 ;746.4;0
2026-06-26;VT C;380;707119;VENTES MARCHANDISES C 19%;FAC N°380 ;149.58;0
2026-06-26;VT C;380;436710;TVA COLLECTEE 19% C;FAC N°380 ;0;28.42
2026-06-26;VT C;380;437500;TIMBRE FISCAL;FAC N°380 ;0;1
2026-06-26;VT C;380;634500;ECARTS DE REGLEMENT;FAC N°380 ;149.58;0
2026-06-27;VT C;382;411004;CLIENTS PASSAGERS ESPECES;FAC N°382 ;0;1068.613
2026-06-27;VT C;382;411005;CLIENTS PASSAGERS TPE;FAC N°382 ;0;427.445
2026-06-27;VT C;382;707100;VENTES MARCHANDISES C 0%;FAC N°382 ;1040.592;0
2026-06-27;VT C;382;707119;VENTES MARCHANDISES C 19%;FAC N°382 ;147.479;0
2026-06-27;VT C;382;436710;TVA COLLECTEE 19% C;FAC N°382 ;0;28.021
2026-06-27;VT C;382;437500;TIMBRE FISCAL;FAC N°382 ;0;1
2026-06-27;VT C;382;634500;ECARTS DE REGLEMENT;FAC N°382 ;147.477;0
2026-06-28;VT C;384;411004;CLIENTS PASSAGERS ESPECES;FAC N°384 ;0;747.41
2026-06-28;VT C;384;411005;CLIENTS PASSAGERS TPE;FAC N°384 ;0;298.964
2026-06-28;VT C;384;707100;VENTES MARCHANDISES C 0%;FAC N°384 ;720.826;0
2026-06-28;VT C;384;707119;VENTES MARCHANDISES C 19%;FAC N°384 ;139.916;0
2026-06-28;VT C;384;436710;TVA COLLECTEE 19% C;FAC N°384 ;0;26.584
2026-06-28;VT C;384;437500;TIMBRE FISCAL;FAC N°384 ;0;1
2026-06-28;VT C;384;634500;ECARTS DE REGLEMENT;FAC N°384 ;139.92;0
2026-06-29;VT C;387;411004;CLIENTS PASSAGERS ESPECES;FAC N°387 ;0;1953.804
2026-06-29;VT C;387;411005;CLIENTS PASSAGERS TPE;FAC N°387 ;0;781.522
2026-06-29;VT C;387;707100;VENTES MARCHANDISES C 0%;FAC N°387 ;1904.643;0
2026-06-29;VT C;387;707119;VENTES MARCHANDISES C 19%;FAC N°387 ;258.741;0
2026-06-29;VT C;387;436710;TVA COLLECTEE 19% C;FAC N°387 ;0;49.161
2026-06-29;VT C;387;437500;TIMBRE FISCAL;FAC N°387 ;0;1
2026-06-29;VT C;387;634500;ECARTS DE REGLEMENT;FAC N°387 ;258.746;0
2026-06-30;VT C;389;411004;CLIENTS PASSAGERS ESPECES;FAC N°389 ;0;866.4699999999999
2026-06-30;VT C;389;411005;CLIENTS PASSAGERS TPE;FAC N°389 ;0;346.588
2026-06-30;VT C;389;707100;VENTES MARCHANDISES C 0%;FAC N°389 ;819.05;0
2026-06-30;VT C;389;707119;VENTES MARCHANDISES C 19%;FAC N°389 ;249.579;0
2026-06-30;VT C;389;436710;TVA COLLECTEE 19% C;FAC N°389 ;0;47.42
2026-06-30;VT C;389;437500;TIMBRE FISCAL;FAC N°389 ;0;1
2026-06-30;VT C;389;634500;ECARTS DE REGLEMENT;FAC N°389 ;249.58;0